Öğrenci No;Arasınav
20191101006;GRMD
20191101077;GRMD
20211101045;GRMD
20221101072;22
20221101077;GRMD
20221101081;GRMD
20221101203;GRMD
20231101005;GRMD
20231101061;GRMD
20231101079;GRMD
20231101085;GRMD
20231101087;GRMD
20241101006;40
20241101010;31
20241101012;24
20241101027;22
20241101032;34
20241101036;31
20241101037;36
20241101044;40
20241101046;12
20241101052;33
20241101091;GRMD
20241101093;20
20241101402;40
20241101403;40
20241101404;37
20251101001;36
20251101002;28
20251101003;34
20251101004;28
20251101005;40
20251101006;28
20251101007;37
20251101008;36
20251101009;40
20251101010;37
20251101011;40
20251101012;34
20251101013;37
20251101014;34
20251101015;22
20251101016;12
20251101017;34
20251101018;40
20251101019;34
20251101020;40
20251101021;34
20251101022;24
20251101023;40
20251101024;31
20251101025;36
20251101026;34
20251101027;18
20251101028;14
20251101029;30
20251101030;24
20251101031;18
20251101032;40
20251101033;40
20251101034;24
20251101035;40
20251101036;30
20251101037;34
20251101038;27
20251101039;22
20251101040;34
20251101041;34
20251101042;25
20251101043;34
20251101044;30
20251101045;40
20251101046;40
20251101047;28
20251101048;27
20251101049;38
20251101050;34
20251101051;40
20251101052;13
20251101054;GRMD
20251101055;40
20251101057;31
20251101058;34
20251101059;40
20251101060;40
20251101061;40
20251101062;28
20251101063;37
20251101064;14
20251101065;20
20251101066;28
20251101068;37
20251101401;28
20251101402;26
20251101403;36
20251101404;30
20251101405;28